date,category,searches,views,favorites,listings,exam_days,demand
2026-08-01,Electronics,39,73,14,4,7,72.45
2026-08-01,Books,28,36,10,13,1,43.3
2026-08-01,Cycles,19,30,4,8,6,30.21
2026-08-01,Hostel Essentials,39,55,13,9,8,58.59
2026-08-01,Lab Equipment,15,34,7,6,8,35.7
2026-08-01,Furniture,20,29,5,9,3,30.44
2026-08-01,Clothing,25,47,6,11,17,18.85
2026-08-01,Sports Equipment,24,48,9,7,28,29.08
2026-08-02,Electronics,39,60,12,5,2,77.3
2026-08-02,Books,35,54,12,12,5,54.35
2026-08-02,Cycles,15,32,4,8,20,11.56
2026-08-02,Hostel Essentials,35,60,13,7,29,40.0
2026-08-02,Lab Equipment,28,37,6,5,26,21.57
2026-08-02,Furniture,15,22,5,10,28,5.73
2026-08-02,Clothing,27,39,9,9,8,33.2
2026-08-02,Sports Equipment,29,41,11,6,28,31.6
2026-08-03,Electronics,37,62,13,3,24,48.62
2026-08-03,Books,30,37,9,14,2,43.5
2026-08-03,Cycles,21,34,7,8,27,21.02
2026-08-03,Hostel Essentials,34,62,14,7,24,46.31
2026-08-03,Lab Equipment,20,27,8,4,30,22.77
2026-08-03,Furniture,21,38,6,10,29,6.91
2026-08-03,Clothing,34,48,11,9,4,47.14
2026-08-03,Sports Equipment,24,42,5,7,10,33.69
2026-08-04,Electronics,35,62,11,4,1,71.31
2026-08-04,Books,27,45,11,10,24,29.43
2026-08-04,Cycles,20,27,8,5,8,37.73
2026-08-04,Hostel Essentials,34,64,13,6,22,45.72
2026-08-04,Lab Equipment,31,44,11,8,14,40.86
2026-08-04,Furniture,15,20,7,10,7,25.83
2026-08-04,Clothing,27,29,6,8,28,10.91
2026-08-04,Sports Equipment,25,33,7,6,6,40.71
2026-08-05,Electronics,50,73,15,4,25,61.53
2026-08-05,Books,25,42,11,12,13,36.16
2026-08-05,Cycles,16,40,6,4,12,36.58
2026-08-05,Hostel Essentials,35,58,11,6,17,47.79
2026-08-05,Lab Equipment,20,37,7,4,14,42.23
2026-08-05,Furniture,15,27,9,6,2,45.66
2026-08-05,Clothing,29,50,11,11,6,45.1
2026-08-05,Sports Equipment,25,45,7,6,8,45.83
2026-08-06,Electronics,46,71,16,6,4,78.45
2026-08-06,Books,22,46,11,10,23,26.44
2026-08-06,Cycles,17,27,8,5,1,46.66
2026-08-06,Hostel Essentials,26,40,11,5,21,41.37
2026-08-06,Lab Equipment,25,33,10,8,1,53.19
2026-08-06,Furniture,20,31,8,8,29,12.86
2026-08-06,Clothing,30,44,10,11,4,42.22
2026-08-06,Sports Equipment,22,44,5,3,14,38.29
2026-08-07,Electronics,39,61,15,4,16,61.85
2026-08-07,Books,31,66,11,12,9,47.13
2026-08-07,Cycles,19,38,10,4,21,36.67
2026-08-07,Hostel Essentials,37,45,9,7,3,58.35
2026-08-07,Lab Equipment,21,39,9,8,6,46.88
2026-08-07,Furniture,20,32,5,10,15,17.51
2026-08-07,Clothing,28,46,11,10,1,40.84
2026-08-07,Sports Equipment,32,41,8,6,17,39.35
2026-08-08,Electronics,39,61,12,7,1,74.9
2026-08-08,Books,28,51,9,10,9,44.7
2026-08-08,Cycles,16,45,8,5,21,26.6
2026-08-08,Hostel Essentials,32,53,10,9,23,29.65
2026-08-08,Lab Equipment,23,50,8,7,0,52.04
2026-08-08,Furniture,21,40,6,8,5,39.42
2026-08-08,Clothing,19,44,9,9,6,39.22
2026-08-08,Sports Equipment,23,45,7,4,0,52.9
2026-08-09,Electronics,39,68,10,5,11,63.81
2026-08-09,Books,32,46,8,10,28,27.0
2026-08-09,Cycles,15,21,4,8,13,16.51
2026-08-09,Hostel Essentials,40,63,14,5,12,66.85
2026-08-09,Lab Equipment,14,37,8,4,16,40.01
2026-08-09,Furniture,22,26,6,9,2,38.89
2026-08-09,Clothing,37,51,9,10,16,34.19
2026-08-09,Sports Equipment,24,43,8,7,4,40.75
2026-08-10,Electronics,46,72,13,7,18,57.41
2026-08-10,Books,26,48,10,11,13,42.16
2026-08-10,Cycles,19,33,8,7,21,20.99
2026-08-10,Hostel Essentials,32,57,9,7,16,44.49
2026-08-10,Lab Equipment,19,46,7,6,7,48.12
2026-08-10,Furniture,10,22,6,10,27,6.38
2026-08-10,Clothing,33,46,8,11,15,29.55
2026-08-10,Sports Equipment,16,41,5,6,7,31.15
2026-08-11,Electronics,53,77,13,7,7,80.62
2026-08-11,Books,22,47,9,14,17,26.5
2026-08-11,Cycles,23,40,10,7,26,30.22
2026-08-11,Hostel Essentials,31,58,12,8,8,55.47
2026-08-11,Lab Equipment,24,48,11,7,20,35.09
2026-08-11,Furniture,16,25,6,8,10,29.98
2026-08-11,Clothing,20,33,8,9,22,16.59
2026-08-11,Sports Equipment,23,40,9,6,1,45.64
2026-08-12,Electronics,45,67,11,7,12,61.37
2026-08-12,Books,34,64,13,13,17,45.48
2026-08-12,Cycles,22,40,6,7,7,33.58
2026-08-12,Hostel Essentials,36,53,12,6,26,40.12
2026-08-12,Lab Equipment,23,33,5,7,18,27.34
2026-08-12,Furniture,19,23,4,9,5,22.1
2026-08-12,Clothing,25,43,9,10,24,26.1
2026-08-12,Sports Equipment,23,33,5,6,0,44.19
2026-08-13,Electronics,34,49,9,3,24,37.86
2026-08-13,Books,22,47,8,11,4,44.79
2026-08-13,Cycles,13,27,6,6,5,33.11
2026-08-13,Hostel Essentials,37,70,12,7,3,65.99
2026-08-13,Lab Equipment,30,48,10,7,30,30.05
2026-08-13,Furniture,19,21,3,8,27,8.44
2026-08-13,Clothing,35,55,8,10,17,33.18
2026-08-13,Sports Equipment,26,41,8,3,27,30.39
2026-08-14,Electronics,43,63,14,4,13,65.21
2026-08-14,Books,35,47,12,14,24,27.33
2026-08-14,Cycles,22,28,7,5,26,26.15
2026-08-14,Hostel Essentials,34,46,11,9,19,39.23
2026-08-14,Lab Equipment,23,42,7,5,15,35.97
2026-08-14,Furniture,19,31,9,8,17,22.2
2026-08-14,Clothing,29,49,12,11,17,36.48
2026-08-14,Sports Equipment,31,47,10,6,25,29.47
2026-08-15,Electronics,40,64,11,5,21,52.67
2026-08-15,Books,33,47,11,14,10,40.42
2026-08-15,Cycles,17,28,6,4,23,19.33
2026-08-15,Hostel Essentials,33,52,8,6,6,54.24
2026-08-15,Lab Equipment,24,40,9,8,9,47.81
2026-08-15,Furniture,18,30,7,7,9,27.54
2026-08-15,Clothing,27,39,7,12,9,29.57
2026-08-15,Sports Equipment,22,28,5,7,9,29.97
